route,operator,flights_in_season,route_total,share_pct
AGARTALA-BAGDOGRA,Air India Express,351.1428571428571,351.1428571428571,100.0
AGARTALA-BENGALURU,IndiGo,411.4285714285714,411.4285714285714,100.0
AGARTALA-DELHI,IndiGo,595.4285714285714,595.4285714285714,100.0
AGARTALA-DIBRUGARH,IndiGo,146.14285714285714,146.14285714285714,100.0
AGARTALA-GUWAHATI,IndiGo,476.0,624.4285714285714,76.23
AGARTALA-GUWAHATI,Akasa Air,148.42857142857144,624.4285714285714,23.77
AGARTALA-HYDERABAD,IndiGo,237.7142857142857,237.7142857142857,100.0
AGARTALA-IMPHAL,IndiGo,176.57142857142856,176.57142857142856,100.0
AGARTALA-KOLKATA,IndiGo,2587.0,3632.0,71.23
AGARTALA-KOLKATA,Air India Express,1045.0,3632.0,28.77
AGARTALA-SILCHAR,IndiGo,117.71428571428572,117.71428571428572,100.0
AGATTI ISLAND-BENGALURU,IndiGo,112.0,112.0,100.0
AGATTI ISLAND-KOCHI,Alliance Air,418.0,1158.5714285714284,36.08
AGATTI ISLAND-KOCHI,JustUdo Aviation (IndiaOne Air),418.0,1158.5714285714284,36.08
AGATTI ISLAND-KOCHI,IndiGo,322.57142857142856,1158.5714285714284,27.84
AGATTI ISLAND-MOPA,JustUdo Aviation (IndiaOne Air),415.4285714285714,415.4285714285714,100.0
AGRA-BENGALURU,IndiGo,417.0,417.0,100.0
AGRA-HYDERABAD,IndiGo,234.57142857142856,234.57142857142856,100.0
AGRA-NAVI MUMBAI,IndiGo,176.57142857142858,176.57142857142858,100.0
AHMEDABAD-AMRITSAR,IndiGo,177.42857142857144,177.42857142857144,100.0
AHMEDABAD-AYODHYA,IndiGo,358.2857142857143,358.2857142857143,100.0
AHMEDABAD-BAGDOGRA,Akasa Air,357.42857142857144,357.42857142857144,100.0
AHMEDABAD-BENGALURU,IndiGo,2076.8571428571427,4701.857142857142,44.17
AHMEDABAD-BENGALURU,Air India Express,1252.2857142857142,4701.857142857142,26.63
AHMEDABAD-BENGALURU,Akasa Air,922.0,4701.857142857142,19.61
AHMEDABAD-BENGALURU,SpiceJet,450.7142857142857,4701.857142857142,9.59
AHMEDABAD-BHOPAL,IndiGo,418.0,418.0,100.0
AHMEDABAD-BHUBANESWAR,IndiGo,416.1428571428572,416.1428571428572,100.0
AHMEDABAD-CHANDIGARH,IndiGo,774.5714285714286,774.5714285714286,100.0
AHMEDABAD-CHENNAI,IndiGo,1370.857142857143,1874.857142857143,73.12
AHMEDABAD-CHENNAI,SpiceJet,446.0,1874.857142857143,23.79
AHMEDABAD-CHENNAI,Akasa Air,58.0,1874.857142857143,3.09
AHMEDABAD-DEHRADUN,IndiGo,416.2857142857143,416.2857142857143,100.0
AHMEDABAD-DELHI,Air India,3818.428571428572,7954.0,48.01
AHMEDABAD-DELHI,IndiGo,3660.571428571429,7954.0,46.02
AHMEDABAD-DELHI,SpiceJet,417.0,7954.0,5.24
AHMEDABAD-DELHI,Akasa Air,58.0,7954.0,0.73
AHMEDABAD-DIU,IndiGo,417.1428571428571,535.1428571428571,77.95
AHMEDABAD-DIU,Ghodawat Enterprises (Fly91),118.0,535.1428571428571,22.05
AHMEDABAD-GOA,IndiGo,475.1428571428571,475.1428571428571,100.0
AHMEDABAD-GUWAHATI,IndiGo,418.0,418.0,100.0
AHMEDABAD-HISSAR,Alliance Air,59.71428571428572,59.71428571428572,100.0
AHMEDABAD-HYDERABAD,IndiGo,1964.857142857143,1998.857142857143,98.3
AHMEDABAD-HYDERABAD,SpiceJet,34.0,1998.857142857143,1.7
AHMEDABAD-INDORE,IndiGo,878.8571428571429,878.8571428571429,100.0
AHMEDABAD-JAIPUR,IndiGo,1670.2857142857142,1670.2857142857142,100.0
AHMEDABAD-JALGAON,Alliance Air,418.0,418.0,100.0
AHMEDABAD-JAMMU,IndiGo,208.0,208.0,100.0
AHMEDABAD-JAMNAGAR,Ghodawat Enterprises (Fly91),355.28571428571433,355.28571428571433,100.0
AHMEDABAD-JODHPUR,IndiGo,288.8571428571429,288.8571428571429,100.0
AHMEDABAD-KESHOD,Alliance Air,179.14285714285714,179.14285714285714,100.0
AHMEDABAD-KISHANGARH,IndiGo,415.1428571428571,415.1428571428571,100.0
AHMEDABAD-KOCHI,IndiGo,418.0,418.0,100.0
AHMEDABAD-KOLKATA,SpiceJet,1403.2857142857142,3071.5714285714284,45.69
AHMEDABAD-KOLKATA,IndiGo,1253.142857142857,3071.5714285714284,40.8
AHMEDABAD-KOLKATA,Akasa Air,415.1428571428572,3071.5714285714284,13.52
AHMEDABAD-LUCKNOW,IndiGo,804.0,804.0,100.0
AHMEDABAD-MOPA,IndiGo,414.7142857142857,510.7142857142857,81.2
AHMEDABAD-MOPA,Akasa Air,96.0,510.7142857142857,18.8
AHMEDABAD-MUMBAI,IndiGo,3340.5714285714284,6201.142857142857,53.87
AHMEDABAD-MUMBAI,Air India,2487.0,6201.142857142857,40.11
AHMEDABAD-MUMBAI,Akasa Air,196.14285714285717,6201.142857142857,3.16
AHMEDABAD-MUMBAI,Alliance Air,119.42857142857144,6201.142857142857,1.93
AHMEDABAD-MUMBAI,SpiceJet,58.0,6201.142857142857,0.94
AHMEDABAD-NAGPUR,IndiGo,835.1428571428571,835.1428571428571,100.0
AHMEDABAD-NANDED,Ghodawat Enterprises (Fly91),328.0,328.0,100.0
AHMEDABAD-NASIK,IndiGo,418.0,418.0,100.0
AHMEDABAD-NAVI MUMBAI,IndiGo,894.0,894.0,100.0
AHMEDABAD-PATNA,IndiGo,418.0,418.0,100.0
AHMEDABAD-PUNE,IndiGo,1160.4285714285716,1994.7142857142856,58.18
AHMEDABAD-PUNE,Akasa Air,834.2857142857142,1994.7142857142856,41.82
AHMEDABAD-PURNEA,Ghodawat Enterprises (Fly91),417.1428571428571,417.1428571428571,100.0
AHMEDABAD-RAIPUR,IndiGo,418.0,418.0,100.0
AHMEDABAD-RANCHI,IndiGo,417.1428571428571,417.1428571428571,100.0
AHMEDABAD-SRINAGAR,IndiGo,357.0,357.0,100.0
AHMEDABAD-VARANASI,IndiGo,327.0,327.0,100.0
AIZAWL-DELHI,IndiGo,596.2857142857142,596.2857142857142,100.0
AIZAWL-GUWAHATI,IndiGo,418.0,656.8571428571429,63.64
AIZAWL-GUWAHATI,Alliance Air,238.8571428571429,656.8571428571429,36.36
AIZAWL-IMPHAL,Alliance Air,119.42857142857144,119.42857142857144,100.0
AIZAWL-KOLKATA,IndiGo,418.0,418.0,100.0
AIZAWL-SHILLONG,Alliance Air,238.8571428571429,238.8571428571429,100.0
AIZAWL-SILCHAR,IndiGo,29.0,29.0,100.0
AMBIKAPUR-BILASPUR,Alliance Air,59.71428571428572,59.71428571428572,100.0
AMBIKAPUR-DELHI,Alliance Air,29.857142857142858,29.857142857142858,100.0
AMRAVATI-MUMBAI,Alliance Air,298.57142857142856,298.57142857142856,100.0
AMRITSAR-BENGALURU,IndiGo,416.2857142857143,441.57142857142856,94.27
AMRITSAR-BENGALURU,Air India Express,25.285714285714285,441.57142857142856,5.73
AMRITSAR-DELHI,Air India,2685.428571428572,4443.0,60.44
AMRITSAR-DELHI,IndiGo,1492.0,4443.0,33.58
AMRITSAR-DELHI,Air India Express,265.57142857142856,4443.0,5.98
AMRITSAR-KOLKATA,IndiGo,177.42857142857144,177.42857142857144,100.0
AMRITSAR-MUMBAI,Air India,834.2857142857142,1252.2857142857142,66.62
AMRITSAR-MUMBAI,IndiGo,418.0,1252.2857142857142,33.38
AMRITSAR-PUNE,IndiGo,418.0,418.0,100.0
AMRITSAR-SRINAGAR,IndiGo,385.1428571428572,385.1428571428572,100.0
AURANGABAD-BENGALURU,IndiGo,205.42857142857144,205.42857142857144,100.0
AURANGABAD-DELHI,Air India,836.0,1254.0,66.67
AURANGABAD-DELHI,IndiGo,418.0,1254.0,33.33
AURANGABAD-GOA,IndiGo,177.42857142857144,177.42857142857144,100.0
AURANGABAD-HYDERABAD,IndiGo,653.1428571428571,653.1428571428571,100.0
AURANGABAD-MUMBAI,IndiGo,418.0,418.0,100.0
AURANGABAD-NAVI MUMBAI,IndiGo,418.0,418.0,100.0
AYODHYA-BENGALURU,IndiGo,210.2857142857143,210.2857142857143,100.0
AYODHYA-DELHI,Air India Express,418.0,1253.142857142857,33.36
AYODHYA-DELHI,Akasa Air,418.0,1253.142857142857,33.36
AYODHYA-DELHI,IndiGo,417.1428571428571,1253.142857142857,33.29
AYODHYA-HISSAR,Alliance Air,119.42857142857144,119.42857142857144,100.0
AYODHYA-HYDERABAD,IndiGo,233.14285714285717,233.14285714285717,100.0
AYODHYA-NAVI MUMBAI,IndiGo,418.0,418.0,100.0
BAGDOGRA-BENGALURU,Air India Express,763.8571428571429,1742.4285714285716,43.84
BAGDOGRA-BENGALURU,Akasa Air,560.5714285714286,1742.4285714285716,32.17
BAGDOGRA-BENGALURU,IndiGo,418.0,1742.4285714285716,23.99
BAGDOGRA-CHENNAI,IndiGo,358.2857142857143,358.2857142857143,100.0
BAGDOGRA-DELHI,Air India Express,2029.4285714285716,4746.428571428571,42.76
BAGDOGRA-DELHI,IndiGo,1552.5714285714284,4746.428571428571,32.71
BAGDOGRA-DELHI,SpiceJet,806.1428571428571,4746.428571428571,16.98
BAGDOGRA-DELHI,Akasa Air,358.2857142857143,4746.428571428571,7.55
BAGDOGRA-DIBRUGARH,Air India Express,375.2857142857143,703.7142857142858,53.33
BAGDOGRA-DIBRUGARH,Akasa Air,328.42857142857144,703.7142857142858,46.67
BAGDOGRA-GUWAHATI,SpiceJet,209.0,296.8571428571429,70.4
BAGDOGRA-GUWAHATI,Akasa Air,87.85714285714286,296.8571428571429,29.6
BAGDOGRA-HYDERABAD,IndiGo,776.2857142857142,1403.2857142857142,55.32
BAGDOGRA-HYDERABAD,Air India Express,627.0,1403.2857142857142,44.68
BAGDOGRA-IMPHAL,Air India Express,623.0,623.0,100.0
BAGDOGRA-KOLKATA,IndiGo,1611.428571428571,3222.285714285714,50.01
BAGDOGRA-KOLKATA,SpiceJet,806.1428571428571,3222.285714285714,25.02
BAGDOGRA-KOLKATA,Air India Express,804.7142857142857,3222.285714285714,24.97
BAGDOGRA-MUMBAI,Akasa Air,715.7142857142857,1935.5714285714284,36.98
BAGDOGRA-MUMBAI,IndiGo,418.0,1935.5714285714284,21.6
BAGDOGRA-MUMBAI,Air India Express,413.71428571428567,1935.5714285714284,21.37
BAGDOGRA-MUMBAI,SpiceJet,388.1428571428571,1935.5714285714284,20.05
BAGDOGRA-NAVI MUMBAI,IndiGo,418.0,418.0,100.0
BAREILLY-BENGALURU,IndiGo,176.14285714285717,176.14285714285717,100.0
BAREILLY-NAVI MUMBAI,IndiGo,237.7142857142857,237.7142857142857,100.0
BELGAUM-BENGALURU,IndiGo,833.1428571428571,833.1428571428571,100.0
BELGAUM-DELHI,IndiGo,418.0,418.0,100.0
BELGAUM-HYDERABAD,IndiGo,418.0,418.0,100.0
BELGAUM-NAVI MUMBAI,IndiGo,418.0,418.0,100.0
BENGALURU-BHOPAL,IndiGo,833.2857142857142,833.2857142857142,100.0
BENGALURU-BHUBANESWAR,IndiGo,1649.7142857142858,3319.0,49.71
BENGALURU-BHUBANESWAR,Akasa Air,835.1428571428571,3319.0,25.16
BENGALURU-BHUBANESWAR,Air India Express,834.1428571428571,3319.0,25.13
BENGALURU-BIDAR,Ghodawat Enterprises (Fly91),411.2857142857143,411.2857142857143,100.0
BENGALURU-CHANDIGARH,IndiGo,1248.142857142857,2015.857142857143,61.92
BENGALURU-CHANDIGARH,Air India Express,767.7142857142858,2015.857142857143,38.08
BENGALURU-CHENNAI,IndiGo,3203.714285714286,5708.142857142857,56.13
BENGALURU-CHENNAI,Air India Express,2086.428571428572,5708.142857142857,36.55
BENGALURU-CHENNAI,SpiceJet,418.0,5708.142857142857,7.32
BENGALURU-COIMBATORE,IndiGo,2540.0,2540.0,100.0
BENGALURU-DARBHANGA,Akasa Air,410.0,410.0,100.0
BENGALURU-DEHRADUN,IndiGo,447.0,865.0,51.68
BENGALURU-DEHRADUN,Air India Express,418.0,865.0,48.32
BENGALURU-DELHI,Air India,7900.571428571428,18099.85714285714,43.65
BENGALURU-DELHI,IndiGo,7095.142857142857,18099.85714285714,39.2
BENGALURU-DELHI,Akasa Air,1432.428571428571,18099.85714285714,7.91
BENGALURU-DELHI,Air India Express,1017.7142857142858,18099.85714285714,5.62
BENGALURU-DELHI,SpiceJet,654.0,18099.85714285714,3.61
BENGALURU-DEOGHAR,IndiGo,417.0,417.0,100.0
BENGALURU-DURGAPUR,IndiGo,417.0,417.0,100.0
BENGALURU-GOA,IndiGo,2543.0,3751.857142857143,67.78
BENGALURU-GOA,Air India Express,1030.142857142857,3751.857142857143,27.46
BENGALURU-GOA,Alliance Air,178.71428571428572,3751.857142857143,4.76
BENGALURU-GORAKHPUR,Akasa Air,417.0,820.2857142857142,50.84
BENGALURU-GORAKHPUR,IndiGo,403.2857142857143,820.2857142857142,49.16
BENGALURU-GUWAHATI,Air India Express,1249.142857142857,2704.285714285714,46.19
BENGALURU-GUWAHATI,IndiGo,835.0,2704.285714285714,30.88
BENGALURU-GUWAHATI,Akasa Air,620.1428571428571,2704.285714285714,22.93
BENGALURU-GWALIOR,Air India Express,417.1428571428571,446.1428571428571,93.5
BENGALURU-GWALIOR,Akasa Air,29.0,446.1428571428571,6.5
BENGALURU-HINDON,IndiGo,416.1428571428571,416.1428571428571,100.0
BENGALURU-HUBLI,IndiGo,830.4285714285714,848.4285714285714,97.88
BENGALURU-HUBLI,JustUdo Aviation (IndiaOne Air),18.0,848.4285714285714,2.12
BENGALURU-HYDERABAD,IndiGo,4204.714285714285,7176.571428571428,58.59
BENGALURU-HYDERABAD,Air India Express,2497.714285714286,7176.571428571428,34.8
BENGALURU-HYDERABAD,Ghodawat Enterprises (Fly91),474.1428571428572,7176.571428571428,6.61
BENGALURU-INDORE,IndiGo,1249.428571428571,1663.142857142857,75.12
BENGALURU-INDORE,Air India Express,413.7142857142857,1663.142857142857,24.88
BENGALURU-JABALPUR,IndiGo,417.0,417.0,100.0
BENGALURU-JAIPUR,IndiGo,1308.2857142857142,2133.142857142857,61.33
BENGALURU-JAIPUR,Air India Express,824.8571428571428,2133.142857142857,38.67
BENGALURU-JAMMU,IndiGo,234.57142857142856,234.57142857142856,100.0
BENGALURU-JHARSUGUDA,IndiGo,416.0,416.0,100.0
BENGALURU-JODHPUR,IndiGo,202.28571428571428,354.85714285714283,57.0
BENGALURU-JODHPUR,Air India Express,152.57142857142856,354.85714285714283,43.0
BENGALURU-KANNUR,IndiGo,585.7142857142858,1000.2857142857144,58.55
BENGALURU-KANNUR,Air India Express,414.57142857142856,1000.2857142857144,41.45
BENGALURU-KANPUR,IndiGo,234.42857142857144,234.42857142857144,100.0
BENGALURU-KOCHI,IndiGo,2895.428571428572,5126.857142857143,56.48
BENGALURU-KOCHI,Air India Express,1250.142857142857,5126.857142857143,24.38
BENGALURU-KOCHI,Akasa Air,535.7142857142858,5126.857142857143,10.45
BENGALURU-KOCHI,Alliance Air,416.57142857142856,5126.857142857143,8.13
BENGALURU-KOCHI,SpiceJet,29.0,5126.857142857143,0.57
BENGALURU-KOLHAPUR,IndiGo,417.0,417.0,100.0
BENGALURU-KOLKATA,IndiGo,4340.571428571428,6810.428571428572,63.73
BENGALURU-KOLKATA,Air India Express,1249.857142857143,6810.428571428572,18.35
BENGALURU-KOLKATA,Akasa Air,802.0,6810.428571428572,11.78
BENGALURU-KOLKATA,SpiceJet,418.0,6810.428571428572,6.14
BENGALURU-KOZHIKODE,Air India Express,841.4285714285714,1788.7142857142858,47.04
BENGALURU-KOZHIKODE,IndiGo,531.8571428571429,1788.7142857142858,29.73
BENGALURU-KOZHIKODE,Akasa Air,415.4285714285714,1788.7142857142858,23.22
BENGALURU-KURNOOL,IndiGo,177.42857142857144,177.42857142857144,100.0
BENGALURU-LUCKNOW,IndiGo,2050.5714285714284,3301.285714285714,62.11
BENGALURU-LUCKNOW,Air India Express,833.5714285714286,3301.285714285714,25.25
BENGALURU-LUCKNOW,Akasa Air,417.1428571428571,3301.285714285714,12.64
BENGALURU-MADURAI,IndiGo,1857.0,1857.142857142857,99.99
BENGALURU-MADURAI,Air India Express,0.1428571428571428,1857.142857142857,0.01
BENGALURU-MANGALORE,IndiGo,2746.1428571428573,3603.7142857142862,76.2
BENGALURU-MANGALORE,Air India Express,857.5714285714287,3603.7142857142862,23.8
BENGALURU-MOPA,IndiGo,1159.857142857143,1863.7142857142856,62.23
BENGALURU-MOPA,Air India Express,411.8571428571429,1863.7142857142856,22.1
BENGALURU-MOPA,Ghodawat Enterprises (Fly91),292.0,1863.7142857142856,15.67
BENGALURU-MUMBAI,IndiGo,6214.428571428572,13273.428571428572,46.82
BENGALURU-MUMBAI,Air India,4800.428571428572,13273.428571428572,36.17
BENGALURU-MUMBAI,Akasa Air,1422.428571428571,13273.428571428572,10.72
BENGALURU-MUMBAI,SpiceJet,836.0,13273.428571428572,6.3
BENGALURU-MUMBAI,Air India Express,0.1428571428571428,13273.428571428572,0.0
BENGALURU-NAGPUR,IndiGo,1245.5714285714284,2064.7142857142853,60.33
BENGALURU-NAGPUR,Air India Express,819.1428571428571,2064.7142857142853,39.67
BENGALURU-NANDED,Ghodawat Enterprises (Fly91),414.7142857142857,414.7142857142857,100.0
BENGALURU-NASIK,IndiGo,411.8571428571429,411.8571428571429,100.0
BENGALURU-NAVI MUMBAI,Air India Express,1251.142857142857,2487.142857142857,50.3
BENGALURU-NAVI MUMBAI,IndiGo,818.8571428571429,2487.142857142857,32.92
BENGALURU-NAVI MUMBAI,Akasa Air,417.1428571428571,2487.142857142857,16.77
BENGALURU-PATNA,IndiGo,1662.428571428571,2914.7142857142853,57.04
BENGALURU-PATNA,Air India Express,834.2857142857142,2914.7142857142853,28.62
BENGALURU-PATNA,SpiceJet,418.0,2914.7142857142853,14.34
BENGALURU-PONDICHERRY,IndiGo,411.57142857142856,411.57142857142856,100.0
BENGALURU-PORT BLAIR,Air India Express,417.1428571428571,648.1428571428571,64.36
BENGALURU-PORT BLAIR,IndiGo,231.0,648.1428571428571,35.64
BENGALURU-PRAYAGRAJ,IndiGo,237.7142857142857,237.7142857142857,100.0
BENGALURU-PUNE,IndiGo,3163.285714285714,6044.142857142857,52.34
BENGALURU-PUNE,Air India Express,1604.7142857142858,6044.142857142857,26.55
BENGALURU-PUNE,Akasa Air,1276.142857142857,6044.142857142857,21.11
BENGALURU-RAIPUR,IndiGo,833.2857142857142,833.2857142857142,100.0
BENGALURU-RAJAHMUNDRY,IndiGo,410.1428571428571,410.1428571428571,100.0
BENGALURU-RAJKOT,IndiGo,417.0,417.0,100.0
BENGALURU-RANCHI,Air India Express,1246.857142857143,1662.857142857143,74.98
BENGALURU-RANCHI,IndiGo,416.0,1662.857142857143,25.02
BENGALURU-SALEM,Alliance Air,417.0,651.5714285714286,64.0
BENGALURU-SALEM,IndiGo,234.57142857142856,651.5714285714286,36.0
BENGALURU-SHIRDI,IndiGo,417.0,417.0,100.0
BENGALURU-SHIVAMOGGA,IndiGo,64.0,64.0,100.0
BENGALURU-SINDHUDURG,JustUdo Aviation (IndiaOne Air),418.0,418.0,100.0
BENGALURU-SRINAGAR,Air India Express,385.1428571428571,766.1428571428571,50.27
BENGALURU-SRINAGAR,IndiGo,381.0,766.1428571428571,49.73
BENGALURU-SURAT,IndiGo,655.7142857142858,1073.7142857142858,61.07
BENGALURU-SURAT,Air India Express,418.0,1073.7142857142858,38.93
BENGALURU-THIRUVANANTHAPURAM,IndiGo,1650.142857142857,2406.0,68.58
BENGALURU-THIRUVANANTHAPURAM,Air India Express,755.8571428571429,2406.0,31.42
BENGALURU-TIRUCHIRAPALLY,IndiGo,1241.571428571429,1804.0,68.82
BENGALURU-TIRUCHIRAPALLY,Air India Express,562.4285714285714,1804.0,31.18
BENGALURU-TIRUPATI,IndiGo,417.0,417.0,100.0
BENGALURU-TUTICORIN,IndiGo,415.4285714285714,415.4285714285714,100.0
BENGALURU-UDAIPUR,IndiGo,417.0,417.0,100.0
BENGALURU-VADODARA,IndiGo,418.0,418.0,100.0
BENGALURU-VARANASI,IndiGo,1248.5714285714284,3187.0,39.18
BENGALURU-VARANASI,Akasa Air,1105.2857142857142,3187.0,34.68
BENGALURU-VARANASI,Air India Express,833.1428571428571,3187.0,26.14
BENGALURU-VIDYANAGAR,Ghodawat Enterprises (Fly91),418.0,418.0,100.0
BENGALURU-VIJAYAWADA,IndiGo,1650.142857142857,2065.285714285714,79.9
BENGALURU-VIJAYAWADA,Air India Express,415.1428571428571,2065.285714285714,20.1
BENGALURU-VISAKHAPATNAM,IndiGo,828.8571428571429,1653.7142857142858,50.12
BENGALURU-VISAKHAPATNAM,Air India Express,824.8571428571429,1653.7142857142858,49.88
BHATINDA-DELHI,Alliance Air,297.1428571428571,297.1428571428571,100.0
BHAVNAGAR-NAVI MUMBAI,IndiGo,836.0,836.0,100.0
BHOPAL-DELHI,IndiGo,1263.142857142857,2511.428571428572,50.3
BHOPAL-DELHI,Air India,1248.2857142857142,2511.428571428572,49.7
BHOPAL-HYDERABAD,IndiGo,836.0,836.0,100.0
BHOPAL-MUMBAI,IndiGo,835.0,1253.0,66.64
BHOPAL-MUMBAI,Air India,418.0,1253.0,33.36
BHOPAL-NAVI MUMBAI,IndiGo,418.0,418.0,100.0
BHOPAL-PUNE,IndiGo,417.1428571428571,417.1428571428571,100.0
BHOPAL-RAIPUR,IndiGo,418.0,418.0,100.0
BHUBANESWAR-CHENNAI,IndiGo,834.2857142857142,834.2857142857142,100.0
BHUBANESWAR-DELHI,IndiGo,1672.0,4180.142857142857,40.0
BHUBANESWAR-DELHI,Air India,1254.0,4180.142857142857,30.0
BHUBANESWAR-DELHI,Air India Express,1254.142857142857,4180.142857142857,30.0
BHUBANESWAR-GUWAHATI,IndiGo,417.1428571428571,417.1428571428571,100.0
BHUBANESWAR-HYDERABAD,IndiGo,1666.5714285714284,1666.5714285714284,100.0
BHUBANESWAR-INDORE,IndiGo,0.1428571428571428,0.1428571428571428,100.0
BHUBANESWAR-JAMSHEDPUR,GSEC Monarch & Deccan Aviation,417.0,417.0,100.0
BHUBANESWAR-JEYPORE,GSEC Monarch & Deccan Aviation,835.0,835.0,100.0
BHUBANESWAR-JHARSUGUDA,Ghodawat Enterprises (Fly91),209.0,209.0,100.0
BHUBANESWAR-KOLKATA,IndiGo,1666.2857142857142,1666.2857142857142,100.0
BHUBANESWAR-MUMBAI,IndiGo,1253.142857142857,2089.142857142857,59.98
BHUBANESWAR-MUMBAI,Air India Express,836.0,2089.142857142857,40.02
BHUBANESWAR-PATNA,IndiGo,418.0,418.0,100.0
BHUBANESWAR-PRAYAGRAJ,IndiGo,177.42857142857144,177.42857142857144,100.0
BHUBANESWAR-PUNE,Air India Express,418.0,418.0,100.0
BHUBANESWAR-RAIPUR,IndiGo,418.0,418.0,100.0
BHUBANESWAR-RANCHI,IndiGo,327.1428571428572,327.1428571428572,100.0
BHUBANESWAR-ROURKELA,GSEC Monarch & Deccan Aviation,418.0,418.0,100.0
BHUBANESWAR-UTKELA,GSEC Monarch & Deccan Aviation,835.0,835.0,100.0
BHUBANESWAR-VARANASI,IndiGo,237.7142857142857,237.7142857142857,100.0
BHUBANESWAR-VISAKHAPATNAM,IndiGo,103.57142857142856,103.57142857142856,100.0
BHUJ-DELHI,Air India,418.0,744.0,56.18
BHUJ-DELHI,IndiGo,326.0,744.0,43.82
BHUJ-MUMBAI,Air India,774.5714285714286,1100.5714285714284,70.38
BHUJ-MUMBAI,IndiGo,326.0,1100.5714285714284,29.62
BHUJ-SURAT,Ghodawat Enterprises (Fly91),357.42857142857144,357.42857142857144,100.0
BIKANER-DELHI,IndiGo,418.0,418.0,100.0
BILASPUR-DELHI,Alliance Air,178.71428571428572,178.71428571428572,100.0
BILASPUR-JABALPUR,Alliance Air,119.42857142857144,119.42857142857144,100.0
BILASPUR-KOLKATA,Alliance Air,119.42857142857144,119.42857142857144,100.0
BILASPUR-PRAYAGRAJ,Alliance Air,59.71428571428572,59.71428571428572,100.0
CHANDIGARH-CHENNAI,IndiGo,418.0,418.0,100.0
CHANDIGARH-DELHI,Air India,2025.857142857143,3365.142857142857,60.2
CHANDIGARH-DELHI,IndiGo,1221.5714285714284,3365.142857142857,36.3
CHANDIGARH-DELHI,Alliance Air,117.71428571428572,3365.142857142857,3.5
CHANDIGARH-DHARAMSALA,IndiGo,236.57142857142856,236.57142857142856,100.0
CHANDIGARH-GOA,IndiGo,418.0,418.0,100.0
CHANDIGARH-HISSAR,Alliance Air,59.71428571428572,59.71428571428572,100.0
CHANDIGARH-HYDERABAD,IndiGo,830.0,830.0,100.0
CHANDIGARH-INDORE,IndiGo,356.57142857142856,356.57142857142856,100.0
CHANDIGARH-JAIPUR,IndiGo,1191.142857142857,1191.142857142857,100.0
CHANDIGARH-JAMMU,IndiGo,178.28571428571428,178.28571428571428,100.0
CHANDIGARH-KOLKATA,IndiGo,418.0,418.0,100.0
CHANDIGARH-LEH,Air India,116.28571428571428,116.28571428571428,100.0
CHANDIGARH-LUCKNOW,IndiGo,415.4285714285714,415.4285714285714,100.0
CHANDIGARH-MUMBAI,IndiGo,1191.5714285714284,2261.8571428571427,52.68
CHANDIGARH-MUMBAI,Air India,1070.2857142857142,2261.8571428571427,47.32
CHANDIGARH-NAVI MUMBAI,IndiGo,417.1428571428571,417.1428571428571,100.0
CHANDIGARH-PATNA,IndiGo,415.4285714285714,415.4285714285714,100.0
CHANDIGARH-PUNE,IndiGo,418.0,418.0,100.0
CHANDIGARH-SRINAGAR,IndiGo,887.2857142857143,887.2857142857143,100.0
CHENNAI-COIMBATORE,IndiGo,3341.714285714286,3341.714285714286,100.0
CHENNAI-CUDDAPAH,IndiGo,237.7142857142857,237.7142857142857,100.0
CHENNAI-DELHI,IndiGo,4179.142857142857,8148.428571428571,51.29
CHENNAI-DELHI,Air India,3969.285714285714,8148.428571428571,48.71
CHENNAI-DURGAPUR,IndiGo,266.7142857142857,266.7142857142857,100.0
CHENNAI-GOA,IndiGo,418.0,418.0,100.0
CHENNAI-GUWAHATI,IndiGo,833.7142857142858,1253.857142857143,66.49
CHENNAI-GUWAHATI,Air India Express,420.1428571428571,1253.857142857143,33.51
CHENNAI-HINDON,IndiGo,258.1428571428572,258.1428571428572,100.0
CHENNAI-HYDERABAD,IndiGo,3343.1428571428573,4324.857142857143,77.3
CHENNAI-HYDERABAD,SpiceJet,805.1428571428571,4324.857142857143,18.62
CHENNAI-HYDERABAD,Alliance Air,176.57142857142856,4324.857142857143,4.08
CHENNAI-INDORE,IndiGo,593.4285714285714,593.4285714285714,100.0
CHENNAI-JAIPUR,IndiGo,418.0,418.0,100.0
CHENNAI-KANNUR,IndiGo,238.8571428571429,238.8571428571429,100.0
CHENNAI-KOCHI,IndiGo,2057.8571428571427,2475.8571428571427,83.12
CHENNAI-KOCHI,SpiceJet,418.0,2475.8571428571427,16.88
CHENNAI-KOLKATA,IndiGo,2924.1428571428573,4594.285714285714,63.65
CHENNAI-KOLKATA,Air India Express,835.1428571428571,4594.285714285714,18.18
CHENNAI-KOLKATA,SpiceJet,835.0,4594.285714285714,18.17
CHENNAI-KOZHIKODE,IndiGo,417.0,476.4285714285714,87.53
CHENNAI-KOZHIKODE,SpiceJet,59.42857142857143,476.4285714285714,12.47
CHENNAI-LUCKNOW,IndiGo,418.0,418.0,100.0
CHENNAI-MADURAI,IndiGo,3341.1428571428573,3759.142857142857,88.88
CHENNAI-MADURAI,Air India,418.0,3759.142857142857,11.12
CHENNAI-MANGALORE,IndiGo,416.0,416.0,100.0
CHENNAI-MOPA,IndiGo,418.0,418.0,100.0
CHENNAI-MUMBAI,IndiGo,4178.285714285715,7516.0,55.59
CHENNAI-MUMBAI,Air India,2919.714285714286,7516.0,38.85
CHENNAI-MUMBAI,Akasa Air,418.0,7516.0,5.56
CHENNAI-MYSORE,IndiGo,418.0,418.0,100.0
CHENNAI-NAVI MUMBAI,IndiGo,532.1428571428571,739.8571428571429,71.93
CHENNAI-NAVI MUMBAI,Air India Express,207.7142857142857,739.8571428571429,28.07
CHENNAI-PATNA,IndiGo,418.0,418.0,100.0
CHENNAI-PORT BLAIR,IndiGo,835.1428571428571,1253.142857142857,66.64
CHENNAI-PORT BLAIR,Akasa Air,418.0,1253.142857142857,33.36
CHENNAI-PUNE,IndiGo,2442.285714285714,3007.2857142857138,81.21
CHENNAI-PUNE,Air India Express,417.1428571428571,3007.2857142857138,13.87
CHENNAI-PUNE,SpiceJet,147.85714285714286,3007.2857142857138,4.92
CHENNAI-RAIPUR,IndiGo,418.0,418.0,100.0
CHENNAI-RAJAHMUNDRY,IndiGo,418.0,418.0,100.0
CHENNAI-RANCHI,IndiGo,418.0,418.0,100.0
CHENNAI-SALEM,IndiGo,418.0,418.0,100.0
CHENNAI-SHIRDI,IndiGo,418.0,418.0,100.0
CHENNAI-SHIVAMOGGA,SpiceJet,417.0,417.0,100.0
CHENNAI-SURAT,IndiGo,237.7142857142857,237.7142857142857,100.0
CHENNAI-THIRUVANANTHAPURAM,IndiGo,1250.0,1250.0,100.0
CHENNAI-TIRUCHIRAPALLY,IndiGo,2506.285714285714,2506.285714285714,100.0
CHENNAI-TUTICORIN,IndiGo,1671.142857142857,1671.142857142857,100.0
CHENNAI-VARANASI,IndiGo,418.0,418.0,100.0
CHENNAI-VIJAYAWADA,IndiGo,833.4285714285714,833.4285714285714,100.0
CHENNAI-VISAKHAPATNAM,IndiGo,1253.142857142857,1253.142857142857,100.0
COIMBATORE-DELHI,IndiGo,836.0,1641.2857142857142,50.94
COIMBATORE-DELHI,Air India,805.2857142857142,1641.2857142857142,49.06
COIMBATORE-GOA,IndiGo,416.57142857142856,416.57142857142856,100.0
COIMBATORE-HYDERABAD,IndiGo,2087.428571428572,2087.428571428572,100.0
COIMBATORE-MUMBAI,Air India,1045.0,1881.142857142857,55.55
COIMBATORE-MUMBAI,IndiGo,836.1428571428571,1881.142857142857,44.45
COIMBATORE-NAVI MUMBAI,IndiGo,416.0,416.0,100.0
COIMBATORE-PUNE,IndiGo,418.0,418.0,100.0
COOCH BEHAR-KOLKATA,GSEC Monarch & Deccan Aviation,418.0,418.0,100.0
CUDDAPAH-HYDERABAD,IndiGo,415.1428571428572,415.1428571428572,100.0
CUDDAPAH-VIJAYAWADA,IndiGo,177.42857142857144,177.42857142857144,100.0
DARBHANGA-DELHI,IndiGo,418.0,1192.5714285714284,35.05
DARBHANGA-DELHI,SpiceJet,418.0,1192.5714285714284,35.05
DARBHANGA-DELHI,Akasa Air,356.57142857142856,1192.5714285714284,29.9
DARBHANGA-HYDERABAD,IndiGo,418.0,595.5714285714286,70.18
DARBHANGA-HYDERABAD,Akasa Air,177.57142857142858,595.5714285714286,29.82
DARBHANGA-KOLKATA,IndiGo,237.7142857142857,237.7142857142857,100.0
DARBHANGA-MUMBAI,Akasa Air,418.0,1043.0,40.08
DARBHANGA-MUMBAI,SpiceJet,387.2857142857143,1043.0,37.13
DARBHANGA-MUMBAI,IndiGo,237.7142857142857,1043.0,22.79
DEHRADUN-DELHI,IndiGo,1938.7142857142856,2921.0,66.37
DEHRADUN-DELHI,Air India,982.2857142857142,2921.0,33.63
DEHRADUN-HYDERABAD,IndiGo,475.1428571428571,475.1428571428571,100.0
DEHRADUN-JAIPUR,IndiGo,475.1428571428571,475.1428571428571,100.0
DEHRADUN-KOLKATA,IndiGo,237.7142857142857,237.7142857142857,100.0
DEHRADUN-KULLU,Alliance Air,119.42857142857144,119.42857142857144,100.0
DEHRADUN-LUCKNOW,IndiGo,418.0,418.0,100.0
DEHRADUN-MUMBAI,Air India,836.0,1461.5714285714284,57.2
DEHRADUN-MUMBAI,IndiGo,416.57142857142856,1461.5714285714284,28.5
DEHRADUN-MUMBAI,Air India Express,209.0,1461.5714285714284,14.3
DEHRADUN-NAVI MUMBAI,IndiGo,343.42857142857144,343.42857142857144,100.0
DEHRADUN-PITHORAGARH,Alliance Air,179.14285714285714,179.14285714285714,100.0
DEHRADUN-PUNE,IndiGo,356.57142857142856,356.57142857142856,100.0
DELHI-DEOGHAR,IndiGo,836.0,836.0,100.0
DELHI-DHARAMSALA,IndiGo,654.5714285714286,683.5714285714286,95.76
DELHI-DHARAMSALA,Alliance Air,29.0,683.5714285714286,4.24
DELHI-DIBRUGARH,IndiGo,836.0,1252.142857142857,66.77
DELHI-DIBRUGARH,Air India Express,416.1428571428572,1252.142857142857,33.23
DELHI-DIMAPUR,IndiGo,418.0,418.0,100.0
DELHI-DURGAPUR,IndiGo,418.0,418.0,100.0
DELHI-GAYA,IndiGo,418.0,418.0,100.0
DELHI-GOA,IndiGo,2086.5714285714284,3891.571428571429,53.62
DELHI-GOA,Air India Express,969.0,3891.571428571429,24.9
DELHI-GOA,Air India,836.0,3891.571428571429,21.48
DELHI-GORAKHPUR,IndiGo,806.5714285714286,1820.0,44.32
DELHI-GORAKHPUR,Akasa Air,418.0,1820.0,22.97
DELHI-GORAKHPUR,SpiceJet,418.0,1820.0,22.97
DELHI-GORAKHPUR,Alliance Air,177.42857142857144,1820.0,9.75
DELHI-GUWAHATI,Air India Express,2681.285714285714,6233.428571428571,43.01
DELHI-GUWAHATI,IndiGo,2090.0,6233.428571428571,33.53
DELHI-GUWAHATI,Air India,1044.142857142857,6233.428571428571,16.75
DELHI-GUWAHATI,SpiceJet,418.0,6233.428571428571,6.71
DELHI-GWALIOR,IndiGo,177.42857142857144,177.42857142857144,100.0
DELHI-HISSAR,Alliance Air,233.0,233.0,100.0
DELHI-HUBLI,IndiGo,418.0,418.0,100.0
DELHI-HYDERABAD,IndiGo,5431.428571428572,11928.142857142857,45.53
DELHI-HYDERABAD,Air India,5426.142857142857,11928.142857142857,45.49
DELHI-HYDERABAD,Akasa Air,652.5714285714286,11928.142857142857,5.47
DELHI-HYDERABAD,SpiceJet,418.0,11928.142857142857,3.5
DELHI-IMPHAL,IndiGo,655.7142857142858,1282.7142857142858,51.12
DELHI-IMPHAL,Air India Express,627.0,1282.7142857142858,48.88
DELHI-INDORE,IndiGo,1759.0,4083.428571428572,43.08
DELHI-INDORE,Air India,1672.0,4083.428571428572,40.95
DELHI-INDORE,Air India Express,652.4285714285714,4083.428571428572,15.98
DELHI-ITANAGAR,IndiGo,413.71428571428567,413.71428571428567,100.0
DELHI-JABALPUR,IndiGo,836.0,836.0,100.0
DELHI-JAIPUR,IndiGo,1262.0,2634.857142857143,47.9
DELHI-JAIPUR,Air India,1254.0,2634.857142857143,47.59
DELHI-JAIPUR,Alliance Air,118.85714285714286,2634.857142857143,4.51
DELHI-JAMMU,IndiGo,1894.2857142857144,2909.428571428572,65.11
DELHI-JAMMU,Air India Express,597.1428571428571,2909.428571428572,20.52
DELHI-JAMMU,SpiceJet,418.0,2909.428571428572,14.37
DELHI-JHARSUGUDA,IndiGo,418.0,418.0,100.0
DELHI-JODHPUR,Air India,365.0,723.0,50.48
DELHI-JODHPUR,IndiGo,358.0,723.0,49.52
DELHI-JORHAT,IndiGo,237.7142857142857,237.7142857142857,100.0
DELHI-KANNUR,IndiGo,418.0,418.0,100.0
DELHI-KANPUR,IndiGo,418.0,418.0,100.0
DELHI-KHAJURAHO,IndiGo,102.0,102.0,100.0
DELHI-KOCHI,Air India,2865.428571428572,3759.428571428572,76.22
DELHI-KOCHI,IndiGo,894.0,3759.428571428572,23.78
DELHI-KOLKATA,IndiGo,5016.0,10865.285714285714,46.17
DELHI-KOLKATA,Air India,4179.142857142857,10865.285714285714,38.46
DELHI-KOLKATA,SpiceJet,836.0,10865.285714285714,7.69
DELHI-KOLKATA,Akasa Air,834.1428571428571,10865.285714285714,7.68
DELHI-KOZHIKODE,IndiGo,417.1428571428571,417.1428571428571,100.0
DELHI-KULLU,Alliance Air,236.0,236.0,100.0
DELHI-LEH,IndiGo,2460.0,5706.571428571428,43.11
DELHI-LEH,SpiceJet,1671.0,5706.571428571428,29.28
DELHI-LEH,Air India,1575.571428571429,5706.571428571428,27.61
DELHI-LUCKNOW,IndiGo,2816.8571428571427,5738.0,49.09
DELHI-LUCKNOW,Air India,1672.0,5738.0,29.14
DELHI-LUCKNOW,Air India Express,1249.142857142857,5738.0,21.77
DELHI-LUDHIANA,Air India,836.0,836.0,100.0
DELHI-MADURAI,IndiGo,418.0,418.0,100.0
DELHI-MANGALORE,IndiGo,418.0,827.7142857142858,50.5
DELHI-MANGALORE,Air India Express,409.7142857142857,827.7142857142858,49.5
DELHI-MOPA,IndiGo,1370.0,3817.428571428572,35.89
DELHI-MOPA,Akasa Air,1194.2857142857142,3817.428571428572,31.29
DELHI-MOPA,Air India Express,835.1428571428571,3817.428571428572,21.88
DELHI-MOPA,Air India,418.0,3817.428571428572,10.95
DELHI-MUMBAI,Air India,11471.714285714286,24481.571428571428,46.86
DELHI-MUMBAI,IndiGo,9612.285714285714,24481.571428571428,39.26
DELHI-MUMBAI,Akasa Air,2146.285714285714,24481.571428571428,8.77
DELHI-MUMBAI,Air India Express,833.2857142857142,24481.571428571428,3.4
DELHI-MUMBAI,SpiceJet,418.0,24481.571428571428,1.71
DELHI-NAGPUR,IndiGo,1881.0,2717.0,69.23
DELHI-NAGPUR,Air India,836.0,2717.0,30.77
DELHI-NASIK,IndiGo,836.0,836.0,100.0
DELHI-NAVI MUMBAI,IndiGo,952.0,2204.142857142857,43.19
DELHI-NAVI MUMBAI,Air India Express,835.1428571428571,2204.142857142857,37.89
DELHI-NAVI MUMBAI,Akasa Air,417.0,2204.142857142857,18.92
DELHI-PANTNAGAR,IndiGo,836.0,836.0,100.0
DELHI-PATNA,IndiGo,2926.0,6685.285714285714,43.77
DELHI-PATNA,Air India,1672.0,6685.285714285714,25.01
DELHI-PATNA,Air India Express,1251.2857142857142,6685.285714285714,18.72
DELHI-PATNA,SpiceJet,836.0,6685.285714285714,12.51
DELHI-PITHORAGARH,Alliance Air,178.28571428571428,178.28571428571428,100.0
DELHI-PORT BLAIR,Air India,418.1428571428571,418.1428571428571,100.0
DELHI-PRAYAGRAJ,IndiGo,356.57142857142856,415.4285714285714,85.83
DELHI-PRAYAGRAJ,Alliance Air,58.85714285714286,415.4285714285714,14.17
DELHI-PUNE,IndiGo,3637.428571428572,9916.285714285714,36.68
DELHI-PUNE,Air India,3272.8571428571427,9916.285714285714,33.0
DELHI-PUNE,SpiceJet,1157.428571428571,9916.285714285714,11.67
DELHI-PUNE,Air India Express,1013.4285714285714,9916.285714285714,10.22
DELHI-PUNE,Akasa Air,835.1428571428571,9916.285714285714,8.42
DELHI-PURNEA,IndiGo,356.57142857142856,356.57142857142856,100.0
DELHI-RAIPUR,IndiGo,1761.5714285714284,3015.5714285714284,58.42
DELHI-RAIPUR,Air India,1254.0,3015.5714285714284,41.58
DELHI-RAJAHMUNDRY,IndiGo,237.7142857142857,237.7142857142857,100.0
DELHI-RAJKOT,Air India,836.0,1672.0,50.0
DELHI-RAJKOT,IndiGo,836.0,1672.0,50.0
DELHI-RANCHI,IndiGo,1672.0,2926.0,57.14
DELHI-RANCHI,Air India Express,1254.0,2926.0,42.86
DELHI-REWA,Alliance Air,238.28571428571428,238.28571428571428,100.0
DELHI-SHIRDI,IndiGo,535.7142857142858,535.7142857142858,100.0
DELHI-SIMLA,Alliance Air,297.42857142857144,297.42857142857144,100.0
DELHI-SRINAGAR,IndiGo,2694.285714285714,7262.714285714286,37.1
DELHI-SRINAGAR,Air India,1978.2857142857144,7262.714285714286,27.24
DELHI-SRINAGAR,Air India Express,1362.857142857143,7262.714285714286,18.77
DELHI-SRINAGAR,SpiceJet,875.0,7262.714285714286,12.05
DELHI-SRINAGAR,Akasa Air,352.2857142857143,7262.714285714286,4.85
DELHI-SURAT,IndiGo,1254.0,1991.857142857143,62.96
DELHI-SURAT,Air India Express,737.8571428571429,1991.857142857143,37.04
DELHI-THIRUVANANTHAPURAM,Air India,1251.428571428571,1668.5714285714284,75.0
DELHI-THIRUVANANTHAPURAM,IndiGo,417.1428571428571,1668.5714285714284,25.0
DELHI-TIRUCHIRAPALLY,IndiGo,237.7142857142857,237.7142857142857,100.0
DELHI-TIRUPATI,IndiGo,177.42857142857144,177.42857142857144,100.0
DELHI-UDAIPUR,Air India,836.0,1672.0,50.0
DELHI-UDAIPUR,IndiGo,836.0,1672.0,50.0
DELHI-VADODARA,IndiGo,1254.0,2447.5714285714284,51.23
DELHI-VADODARA,Air India,1193.571428571429,2447.5714285714284,48.77
DELHI-VARANASI,IndiGo,1672.0,3462.0,48.3
DELHI-VARANASI,Air India Express,954.0,3462.0,27.56
DELHI-VARANASI,Air India,836.0,3462.0,24.15
DELHI-VIJAYAWADA,Air India,836.0,1013.4285714285714,82.49
DELHI-VIJAYAWADA,IndiGo,177.42857142857144,1013.4285714285714,17.51
DELHI-VISAKHAPATNAM,IndiGo,836.0,1667.7142857142858,50.13
DELHI-VISAKHAPATNAM,Air India,831.7142857142858,1667.7142857142858,49.87
DEOGHAR-KOLKATA,IndiGo,177.42857142857144,177.42857142857144,100.0
DEOGHAR-MUMBAI,IndiGo,177.42857142857144,177.42857142857144,100.0
DHARAMSALA-SIMLA,Alliance Air,298.57142857142856,298.57142857142856,100.0
DIBRUGARH-GUWAHATI,IndiGo,791.5714285714286,1209.5714285714284,65.44
DIBRUGARH-GUWAHATI,Air India Express,418.0,1209.5714285714284,34.56
DIBRUGARH-KOLKATA,IndiGo,834.1428571428571,834.1428571428571,100.0
DIMAPUR-GUWAHATI,Air India Express,418.0,836.0,50.0
DIMAPUR-GUWAHATI,IndiGo,418.0,836.0,50.0
DIMAPUR-IMPHAL,Alliance Air,119.42857142857144,119.42857142857144,100.0
DIMAPUR-KOLKATA,IndiGo,418.0,418.0,100.0
DIU-KESHOD,Alliance Air,119.42857142857144,119.42857142857144,100.0
DIU-MOPA,Ghodawat Enterprises (Fly91),118.0,118.0,100.0
DIU-MUMBAI,Alliance Air,358.2857142857143,358.2857142857143,100.0
DIU-NAVI MUMBAI,IndiGo,418.0,418.0,100.0
DIU-SURAT,IndiGo,418.0,418.0,100.0
DURGAPUR-HYDERABAD,IndiGo,417.1428571428571,417.1428571428571,100.0
DURGAPUR-MUMBAI,IndiGo,118.85714285714286,118.85714285714286,100.0
DURGAPUR-NAVI MUMBAI,IndiGo,148.57142857142858,148.57142857142858,100.0
GAYA-KOLKATA,IndiGo,418.0,418.0,100.0
GOA-HYDERABAD,IndiGo,1669.428571428571,1669.428571428571,100.0
GOA-INDORE,IndiGo,476.0,476.0,100.0
GOA-JAIPUR,Air India Express,209.0,209.0,100.0
GOA-KOCHI,IndiGo,418.0,418.0,100.0
GOA-KOLKATA,IndiGo,418.0,418.0,100.0
GOA-LUCKNOW,IndiGo,418.0,418.0,100.0
GOA-MUMBAI,Air India,2238.428571428572,5161.285714285714,43.37
GOA-MUMBAI,IndiGo,2086.8571428571427,5161.285714285714,40.43
GOA-MUMBAI,Air India Express,836.0,5161.285714285714,16.2
GOA-NASIK,IndiGo,237.7142857142857,237.7142857142857,100.0
GOA-NAVI MUMBAI,IndiGo,1251.142857142857,1251.142857142857,100.0
GOA-PUNE,JustUdo Aviation (IndiaOne Air),531.5714285714286,888.1428571428571,59.85
GOA-PUNE,IndiGo,356.57142857142856,888.1428571428571,40.15
GOA-RAIPUR,IndiGo,418.0,418.0,100.0
GOA-SHOLAPUR,JustUdo Aviation (IndiaOne Air),416.2857142857143,416.2857142857143,100.0
GOA-SURAT,IndiGo,418.0,418.0,100.0
GONDIA-HYDERABAD,IndiGo,64.0,64.0,100.0
GONDIA-INDORE,Ghodawat Enterprises (Fly91),413.57142857142856,413.57142857142856,100.0
GORAKHPUR-HYDERABAD,IndiGo,476.8571428571429,476.8571428571429,100.0
GORAKHPUR-KOLKATA,IndiGo,403.2857142857143,403.2857142857143,100.0
GORAKHPUR-MUMBAI,IndiGo,418.0,834.2857142857142,50.1
GORAKHPUR-MUMBAI,SpiceJet,416.2857142857143,834.2857142857142,49.9
GORAKHPUR-NAVI MUMBAI,IndiGo,343.2857142857143,343.2857142857143,100.0
GUWAHATI-HYDERABAD,IndiGo,834.1428571428571,1043.142857142857,79.96
GUWAHATI-HYDERABAD,Air India Express,209.0,1043.142857142857,20.04
GUWAHATI-IMPHAL,Air India Express,836.0,1852.857142857143,45.12
GUWAHATI-IMPHAL,IndiGo,419.7142857142857,1852.857142857143,22.65
GUWAHATI-IMPHAL,SpiceJet,418.0,1852.857142857143,22.56
GUWAHATI-IMPHAL,Alliance Air,179.14285714285714,1852.857142857143,9.67
GUWAHATI-ITANAGAR,Alliance Air,298.57142857142856,298.57142857142856,100.0
GUWAHATI-JAIPUR,IndiGo,418.0,805.2857142857142,51.91
GUWAHATI-JAIPUR,Air India Express,387.2857142857143,805.2857142857142,48.09
GUWAHATI-KOLKATA,IndiGo,2422.1428571428573,3642.857142857143,66.49
GUWAHATI-KOLKATA,Air India Express,833.4285714285714,3642.857142857143,22.88
GUWAHATI-KOLKATA,SpiceJet,208.14285714285717,3642.857142857143,5.71
GUWAHATI-KOLKATA,Alliance Air,179.14285714285714,3642.857142857143,4.92
GUWAHATI-LUCKNOW,IndiGo,418.0,418.0,100.0
GUWAHATI-MUMBAI,IndiGo,836.0,1253.0,66.72
GUWAHATI-MUMBAI,Akasa Air,417.0,1253.0,33.28
GUWAHATI-PASIGHAT,Alliance Air,238.8571428571429,238.8571428571429,100.0
GUWAHATI-PUNE,IndiGo,417.1428571428571,417.1428571428571,100.0
GUWAHATI-RUPSI,Alliance Air,238.8571428571429,238.8571428571429,100.0
GUWAHATI-SILCHAR,IndiGo,770.0,770.0,100.0
GUWAHATI-TEZU,Alliance Air,179.14285714285714,179.14285714285714,100.0
GUWAHATI-ZIRO,Alliance Air,179.14285714285714,179.14285714285714,100.0
GWALIOR-MUMBAI,IndiGo,418.0,418.0,100.0
HINDON-JALANDHAR,Ghodawat Enterprises (Fly91),414.57142857142856,414.57142857142856,100.0
HINDON-KISHANGARH,Ghodawat Enterprises (Fly91),238.28571428571428,238.28571428571428,100.0
HINDON-KOLKATA,IndiGo,356.57142857142856,356.57142857142856,100.0
HINDON-NANDED,Ghodawat Enterprises (Fly91),416.2857142857143,416.2857142857143,100.0
HINDON-NAVI MUMBAI,IndiGo,416.2857142857143,416.2857142857143,100.0
HINDON-VARANASI,IndiGo,356.57142857142856,356.57142857142856,100.0
HISSAR-JAIPUR,Alliance Air,119.42857142857144,119.42857142857144,100.0
HISSAR-JAMMU,Alliance Air,179.14285714285714,179.14285714285714,100.0
HUBLI-HYDERABAD,IndiGo,594.2857142857143,1012.2857142857144,58.71
HUBLI-HYDERABAD,JustUdo Aviation (IndiaOne Air),418.0,1012.2857142857144,41.29
HUBLI-NAVI MUMBAI,IndiGo,418.0,418.0,100.0
HUBLI-PUNE,IndiGo,237.7142857142857,237.7142857142857,100.0
HYDERABAD-INDORE,IndiGo,836.0,836.0,100.0
HYDERABAD-JABALPUR,IndiGo,418.0,418.0,100.0
HYDERABAD-JAGDALPUR,IndiGo,416.8571428571429,536.2857142857143,77.73
HYDERABAD-JAGDALPUR,Alliance Air,119.42857142857144,536.2857142857143,22.27
HYDERABAD-JAIPUR,IndiGo,1334.7142857142858,1335.0,99.98
HYDERABAD-JAIPUR,Air India Express,0.2857142857142857,1335.0,0.02
HYDERABAD-JALGAON,JustUdo Aviation (IndiaOne Air),418.0,418.0,100.0
HYDERABAD-JAMMU,IndiGo,177.42857142857144,177.42857142857144,100.0
HYDERABAD-JODHPUR,IndiGo,294.1428571428571,294.1428571428571,100.0
HYDERABAD-KANNUR,IndiGo,236.42857142857144,236.42857142857144,100.0
HYDERABAD-KANPUR,IndiGo,235.42857142857144,235.42857142857144,100.0
HYDERABAD-KOCHI,IndiGo,2088.285714285714,2088.285714285714,100.0
HYDERABAD-KOLHAPUR,IndiGo,418.0,418.0,100.0
HYDERABAD-KOLKATA,IndiGo,2683.5714285714284,3489.7142857142853,76.9
HYDERABAD-KOLKATA,SpiceJet,806.1428571428571,3489.7142857142853,23.1
HYDERABAD-KOZHIKODE,IndiGo,417.1428571428571,417.1428571428571,100.0
HYDERABAD-LUCKNOW,IndiGo,819.8571428571429,819.8571428571429,100.0
HYDERABAD-MADURAI,IndiGo,836.0,836.0,100.0
HYDERABAD-MANGALORE,IndiGo,1186.2857142857142,1186.2857142857142,100.0
HYDERABAD-MOPA,IndiGo,1366.428571428571,2428.428571428572,56.27
HYDERABAD-MOPA,Air India Express,836.0,2428.428571428572,34.43
HYDERABAD-MOPA,JustUdo Aviation (IndiaOne Air),226.0,2428.428571428572,9.31
HYDERABAD-MUMBAI,IndiGo,4177.142857142857,7931.714285714285,52.66
HYDERABAD-MUMBAI,Air India,3342.285714285714,7931.714285714285,42.14
HYDERABAD-MUMBAI,Ghodawat Enterprises (Fly91),412.2857142857143,7931.714285714285,5.2
HYDERABAD-MYSORE,IndiGo,418.0,418.0,100.0
HYDERABAD-NAGPUR,IndiGo,1041.0,1041.0,100.0
HYDERABAD-NANDED,Ghodawat Enterprises (Fly91),178.42857142857142,178.42857142857142,100.0
HYDERABAD-NASIK,IndiGo,594.8571428571429,594.8571428571429,100.0
HYDERABAD-NAVI MUMBAI,IndiGo,600.0,1008.0,59.52
HYDERABAD-NAVI MUMBAI,Air India Express,408.0,1008.0,40.48
HYDERABAD-PATNA,IndiGo,1311.142857142857,1729.142857142857,75.83
HYDERABAD-PATNA,SpiceJet,418.0,1729.142857142857,24.17
HYDERABAD-PONDICHERRY,IndiGo,418.0,418.0,100.0
HYDERABAD-PORT BLAIR,IndiGo,231.14285714285717,231.14285714285717,100.0
HYDERABAD-PRAYAGRAJ,IndiGo,175.14285714285714,175.14285714285714,100.0
HYDERABAD-PUNE,IndiGo,2048.8571428571427,3000.142857142857,68.29
HYDERABAD-PUNE,Air India Express,417.1428571428571,3000.142857142857,13.9
HYDERABAD-PUNE,Ghodawat Enterprises (Fly91),298.0,3000.142857142857,9.93
HYDERABAD-PUNE,Alliance Air,236.1428571428572,3000.142857142857,7.87
HYDERABAD-PURNEA,IndiGo,356.57142857142856,356.57142857142856,100.0
HYDERABAD-RAIPUR,IndiGo,2086.857142857143,2204.2857142857147,94.67
HYDERABAD-RAIPUR,Alliance Air,117.42857142857142,2204.2857142857147,5.33
HYDERABAD-RAJAHMUNDRY,IndiGo,2506.285714285714,3759.285714285714,66.67
HYDERABAD-RAJAHMUNDRY,JustUdo Aviation (IndiaOne Air),1253.0,3759.285714285714,33.33
HYDERABAD-RAJKOT,IndiGo,418.0,418.0,100.0
HYDERABAD-RANCHI,IndiGo,834.2857142857142,834.2857142857142,100.0
HYDERABAD-SALEM,IndiGo,237.1428571428572,237.1428571428572,100.0
HYDERABAD-SHIRDI,IndiGo,418.0,418.0,100.0
HYDERABAD-SHIVAMOGGA,SpiceJet,418.0,627.0,66.67
HYDERABAD-SHIVAMOGGA,Ghodawat Enterprises (Fly91),209.0,627.0,33.33
HYDERABAD-SINDHUDURG,JustUdo Aviation (IndiaOne Air),417.0,417.0,100.0
HYDERABAD-SRINAGAR,IndiGo,411.2857142857143,587.4285714285714,70.01
HYDERABAD-SRINAGAR,Air India Express,176.14285714285714,587.4285714285714,29.99
HYDERABAD-SURAT,IndiGo,415.2857142857143,415.2857142857143,100.0
HYDERABAD-THIRUVANANTHAPURAM,IndiGo,829.4285714285714,829.4285714285714,100.0
HYDERABAD-TIRUCHIRAPALLY,IndiGo,414.57142857142856,414.57142857142856,100.0
HYDERABAD-TIRUPATI,IndiGo,2920.714285714286,3660.142857142857,79.8
HYDERABAD-TIRUPATI,Air India,418.0,3660.142857142857,11.42
HYDERABAD-TIRUPATI,Alliance Air,321.42857142857144,3660.142857142857,8.78
HYDERABAD-UDAIPUR,IndiGo,421.4285714285714,421.4285714285714,100.0
HYDERABAD-VADODARA,IndiGo,476.0,476.0,100.0
HYDERABAD-VARANASI,IndiGo,1253.142857142857,1253.142857142857,100.0
HYDERABAD-VIJAYAWADA,IndiGo,2502.285714285714,4170.142857142857,60.0
HYDERABAD-VIJAYAWADA,JustUdo Aviation (IndiaOne Air),1253.0,4170.142857142857,30.05
HYDERABAD-VIJAYAWADA,Air India Express,414.8571428571429,4170.142857142857,9.95
HYDERABAD-VISAKHAPATNAM,IndiGo,2924.285714285714,3760.285714285714,77.77
HYDERABAD-VISAKHAPATNAM,Air India Express,836.0,3760.285714285714,22.23
IMPHAL-KOLKATA,IndiGo,865.0,1255.4285714285716,68.9
IMPHAL-KOLKATA,SpiceJet,271.0,1255.4285714285716,21.59
IMPHAL-KOLKATA,Alliance Air,119.42857142857144,1255.4285714285716,9.51
IMPHAL-SHILLONG,IndiGo,177.42857142857144,177.42857142857144,100.0
IMPHAL-SILCHAR,Alliance Air,119.42857142857144,119.42857142857144,100.0
IMPHAL-TEZU,Alliance Air,179.14285714285714,179.14285714285714,100.0
INDORE-JABALPUR,IndiGo,418.0,418.0,100.0
INDORE-JAIPUR,IndiGo,835.1428571428571,835.1428571428571,100.0
INDORE-KOLKATA,IndiGo,418.0,627.0,66.67
INDORE-KOLKATA,Air India Express,209.0,627.0,33.33
INDORE-LUCKNOW,IndiGo,417.1428571428571,417.1428571428571,100.0
INDORE-MUMBAI,IndiGo,1935.142857142857,2829.142857142857,68.4
INDORE-MUMBAI,Air India,836.0,2829.142857142857,29.55
INDORE-MUMBAI,Ghodawat Enterprises (Fly91),58.0,2829.142857142857,2.05
INDORE-NAGPUR,IndiGo,418.0,418.0,100.0
INDORE-NAVI MUMBAI,IndiGo,523.0,523.0,100.0
INDORE-PUNE,IndiGo,953.1428571428572,1369.428571428571,69.6
INDORE-PUNE,Air India Express,416.2857142857143,1369.428571428571,30.4
INDORE-RAIPUR,IndiGo,418.0,418.0,100.0
INDORE-REWA,IndiGo,417.1428571428571,417.1428571428571,100.0
ITANAGAR-KOLKATA,IndiGo,418.0,418.0,100.0
ITANAGAR-TEZU,Alliance Air,119.42857142857144,119.42857142857144,100.0
JABALPUR-NAVI MUMBAI,IndiGo,418.0,418.0,100.0
JAGDALPUR-RAIPUR,Alliance Air,238.8571428571429,328.42857142857144,72.73
JAGDALPUR-RAIPUR,IndiGo,89.57142857142857,328.42857142857144,27.27
JAIPUR-KOLKATA,IndiGo,1251.428571428571,1251.428571428571,100.0
JAIPUR-KULLU,Alliance Air,119.42857142857144,119.42857142857144,100.0
JAIPUR-LUCKNOW,IndiGo,834.4285714285714,834.4285714285714,100.0
JAIPUR-MOPA,IndiGo,417.1428571428571,417.1428571428571,100.0
JAIPUR-MUMBAI,Air India,1253.142857142857,3328.428571428572,37.65
JAIPUR-MUMBAI,IndiGo,835.1428571428571,3328.428571428572,25.09
JAIPUR-MUMBAI,Air India Express,822.1428571428571,3328.428571428572,24.7
JAIPUR-MUMBAI,SpiceJet,418.0,3328.428571428572,12.56
JAIPUR-NAVI MUMBAI,IndiGo,716.5714285714286,716.5714285714286,100.0
JAIPUR-PUNE,IndiGo,418.0,773.8571428571429,54.02
JAIPUR-PUNE,Air India Express,355.8571428571429,773.8571428571429,45.98
JAIPUR-SURAT,IndiGo,418.0,418.0,100.0
JAIPUR-UDAIPUR,IndiGo,831.1428571428571,831.1428571428571,100.0
JALANDHAR-MUMBAI,IndiGo,416.57142857142856,416.57142857142856,100.0
JALGAON-MOPA,JustUdo Aviation (IndiaOne Air),417.1428571428571,417.1428571428571,100.0
JALGAON-MUMBAI,Alliance Air,298.57142857142856,298.57142857142856,100.0
JALGAON-PUNE,JustUdo Aviation (IndiaOne Air),416.2857142857143,416.2857142857143,100.0
JAMMU-LEH,Air India,176.42857142857142,176.42857142857142,100.0
JAMMU-NAVI MUMBAI,IndiGo,234.8571428571429,234.8571428571429,100.0
JAMMU-SRINAGAR,IndiGo,715.1428571428571,1405.142857142857,50.89
JAMMU-SRINAGAR,Air India Express,357.0,1405.142857142857,25.41
JAMMU-SRINAGAR,SpiceJet,333.0,1405.142857142857,23.7
JAMNAGAR-MUMBAI,Air India,836.0,1045.0,80.0
JAMNAGAR-MUMBAI,IndiGo,209.0,1045.0,20.0
JAMNAGAR-NAVI MUMBAI,Ghodawat Enterprises (Fly91),418.0,602.0,69.44
JAMNAGAR-NAVI MUMBAI,IndiGo,184.0,602.0,30.56
JAMNAGAR-SURAT,Ghodawat Enterprises (Fly91),417.0,417.0,100.0
JAMSHEDPUR-KOLKATA,GSEC Monarch & Deccan Aviation,418.0,418.0,100.0
JEYPORE-VISAKHAPATNAM,GSEC Monarch & Deccan Aviation,418.0,418.0,100.0
JHARSUGUDA-KOLKATA,IndiGo,418.0,418.0,100.0
JHARSUGUDA-NAVI MUMBAI,IndiGo,418.0,418.0,100.0
JODHPUR-MUMBAI,IndiGo,358.0,694.7142857142858,51.53
JODHPUR-MUMBAI,Air India,336.7142857142857,694.7142857142858,48.47
JODHPUR-PUNE,IndiGo,303.71428571428567,303.71428571428567,100.0
JORHAT-KOLKATA,IndiGo,418.0,418.0,100.0
KANDLA-MUMBAI,SpiceJet,297.1428571428572,297.1428571428572,100.0
KANNUR-KOCHI,IndiGo,418.0,418.0,100.0
KANNUR-MUMBAI,IndiGo,238.28571428571428,238.28571428571428,100.0
KANNUR-NAVI MUMBAI,IndiGo,178.28571428571428,178.28571428571428,100.0
KANNUR-THIRUVANANTHAPURAM,Air India Express,234.0,234.0,100.0
KANPUR-MUMBAI,IndiGo,418.0,418.0,100.0
KISHANGARH-LUCKNOW,Ghodawat Enterprises (Fly91),298.57142857142856,298.57142857142856,100.0
KISHANGARH-NAGPUR,Ghodawat Enterprises (Fly91),298.57142857142856,298.57142857142856,100.0
KISHANGARH-NAVI MUMBAI,Ghodawat Enterprises (Fly91),59.71428571428572,59.71428571428572,100.0
KISHANGARH-PUNE,Ghodawat Enterprises (Fly91),149.28571428571428,149.28571428571428,100.0
KOCHI-MUMBAI,Air India,2447.428571428572,4088.714285714286,59.86
KOCHI-MUMBAI,IndiGo,1194.2857142857142,4088.714285714286,29.21
KOCHI-MUMBAI,Akasa Air,417.1428571428571,4088.714285714286,10.2
KOCHI-MUMBAI,SpiceJet,29.857142857142858,4088.714285714286,0.73
KOCHI-NAVI MUMBAI,IndiGo,776.2857142857142,1193.142857142857,65.06
KOCHI-NAVI MUMBAI,Akasa Air,416.8571428571428,1193.142857142857,34.94
KOCHI-PUNE,Air India Express,417.1428571428571,834.2857142857142,50.0
KOCHI-PUNE,IndiGo,417.1428571428571,834.2857142857142,50.0
KOCHI-SALEM,Alliance Air,418.0,418.0,100.0
KOCHI-THIRUVANANTHAPURAM,IndiGo,416.1428571428571,416.1428571428571,100.0
KOLHAPUR-MUMBAI,Ghodawat Enterprises (Fly91),418.0,418.0,100.0
KOLHAPUR-NAVI MUMBAI,IndiGo,836.0,836.0,100.0
KOLKATA-LILABARI,Alliance Air,238.8571428571429,238.8571428571429,100.0
KOLKATA-LUCKNOW,IndiGo,831.5714285714286,831.5714285714286,100.0
KOLKATA-MOPA,IndiGo,418.0,418.0,100.0
KOLKATA-MUMBAI,IndiGo,3342.1428571428573,7209.285714285715,46.36
KOLKATA-MUMBAI,Air India,2499.8571428571427,7209.285714285715,34.68
KOLKATA-MUMBAI,Akasa Air,951.0,7209.285714285715,13.19
KOLKATA-MUMBAI,SpiceJet,416.2857142857143,7209.285714285715,5.77
KOLKATA-NAGPUR,IndiGo,476.0,476.0,100.0
KOLKATA-NAVI MUMBAI,Akasa Air,418.0,836.0,50.0
KOLKATA-NAVI MUMBAI,IndiGo,418.0,836.0,50.0
KOLKATA-PATNA,IndiGo,1253.0,1253.0,100.0
KOLKATA-PORT BLAIR,IndiGo,736.8571428571429,1600.428571428571,46.04
KOLKATA-PORT BLAIR,Air India Express,625.2857142857142,1600.428571428571,39.07
KOLKATA-PORT BLAIR,Akasa Air,238.28571428571428,1600.428571428571,14.89
KOLKATA-PUNE,IndiGo,1249.5714285714284,1845.857142857143,67.7
KOLKATA-PUNE,Akasa Air,387.2857142857143,1845.857142857143,20.98
KOLKATA-PUNE,Air India Express,209.0,1845.857142857143,11.32
KOLKATA-PURNEA,IndiGo,416.57142857142856,826.8571428571429,50.38
KOLKATA-PURNEA,Ghodawat Enterprises (Fly91),410.2857142857143,826.8571428571429,49.62
KOLKATA-RAIPUR,IndiGo,1253.142857142857,1253.142857142857,100.0
KOLKATA-RANCHI,IndiGo,1668.857142857143,1668.857142857143,100.0
KOLKATA-RUPSI,Alliance Air,238.8571428571429,238.8571428571429,100.0
KOLKATA-SHILLONG,IndiGo,655.0,655.0,100.0
KOLKATA-SILCHAR,IndiGo,831.5714285714286,831.5714285714286,100.0
KOLKATA-SRINAGAR,Air India Express,0.1428571428571428,0.1428571428571428,100.0
KOLKATA-SURAT,IndiGo,418.0,418.0,100.0
KOLKATA-VARANASI,IndiGo,835.0,835.0,100.0
KOLKATA-VISAKHAPATNAM,IndiGo,418.0,418.0,100.0
KOZHIKODE-MUMBAI,IndiGo,209.0,268.42857142857144,77.86
KOZHIKODE-MUMBAI,SpiceJet,59.42857142857143,268.42857142857144,22.14
KOZHIKODE-NAVI MUMBAI,IndiGo,209.0,209.0,100.0
KURNOOL-VIJAYAWADA,IndiGo,177.42857142857144,177.42857142857144,100.0
KURNOOL-VISAKHAPATNAM,IndiGo,177.42857142857144,177.42857142857144,100.0
LEH-MUMBAI,IndiGo,370.0,370.0,100.0
LEH-SRINAGAR,Air India,112.85714285714286,112.85714285714286,100.0
LUCKNOW-MUMBAI,IndiGo,1667.7142857142858,2862.1428571428573,58.27
LUCKNOW-MUMBAI,Air India Express,418.1428571428572,2862.1428571428573,14.61
LUCKNOW-MUMBAI,Air India,418.0,2862.1428571428573,14.6
LUCKNOW-MUMBAI,Akasa Air,358.2857142857143,2862.1428571428573,12.52
LUCKNOW-NAVI MUMBAI,Akasa Air,776.2857142857142,1429.5714285714284,54.3
LUCKNOW-NAVI MUMBAI,IndiGo,653.2857142857142,1429.5714285714284,45.7
LUCKNOW-PATNA,IndiGo,417.1428571428571,417.1428571428571,100.0
LUCKNOW-PUNE,IndiGo,417.1428571428571,773.7142857142857,53.91
LUCKNOW-PUNE,Air India Express,356.57142857142856,773.7142857142857,46.09
LUCKNOW-RAIPUR,IndiGo,418.0,418.0,100.0
MADURAI-NAVI MUMBAI,IndiGo,418.0,418.0,100.0
MANGALORE-MUMBAI,IndiGo,889.4285714285714,1307.4285714285716,68.03
MANGALORE-MUMBAI,Air India Express,418.0,1307.4285714285716,31.97
MANGALORE-NAVI MUMBAI,IndiGo,1133.7142857142858,1133.7142857142858,100.0
MANGALORE-THIRUVANANTHAPURAM,Air India Express,112.28571428571428,112.28571428571428,100.0
MOPA-MUMBAI,IndiGo,836.0,2952.285714285714,28.32
MOPA-MUMBAI,Air India Express,826.4285714285714,2952.285714285714,27.99
MOPA-MUMBAI,SpiceJet,773.8571428571429,2952.285714285714,26.21
MOPA-MUMBAI,Akasa Air,516.0,2952.285714285714,17.48
MOPA-NAGPUR,IndiGo,417.0,417.0,100.0
MOPA-NANDED,Ghodawat Enterprises (Fly91),295.57142857142856,295.57142857142856,100.0
MOPA-NAVI MUMBAI,IndiGo,1253.142857142857,1253.142857142857,100.0
MOPA-PUNE,IndiGo,418.0,1010.8571428571428,41.35
MOPA-PUNE,Akasa Air,414.57142857142856,1010.8571428571428,41.01
MOPA-PUNE,SpiceJet,178.28571428571428,1010.8571428571428,17.64
MOPA-SHIVAMOGGA,Ghodawat Enterprises (Fly91),418.0,418.0,100.0
MUMBAI-NAGPUR,IndiGo,1730.2857142857142,2566.285714285714,67.42
MUMBAI-NAGPUR,Air India,836.0,2566.285714285714,32.58
MUMBAI-NANDED,Ghodawat Enterprises (Fly91),58.85714285714286,58.85714285714286,100.0
MUMBAI-PATNA,Air India,836.0,2501.142857142857,33.42
MUMBAI-PATNA,IndiGo,833.2857142857142,2501.142857142857,33.32
MUMBAI-PATNA,SpiceJet,418.0,2501.142857142857,16.71
MUMBAI-PATNA,Air India Express,413.8571428571428,2501.142857142857,16.55
MUMBAI-PORBANDAR,SpiceJet,116.57142857142856,116.57142857142856,100.0
MUMBAI-PORT BLAIR,IndiGo,46.0,46.0,100.0
MUMBAI-PRAYAGRAJ,Akasa Air,418.0,774.5714285714286,53.97
MUMBAI-PRAYAGRAJ,IndiGo,356.57142857142856,774.5714285714286,46.03
MUMBAI-RAIPUR,IndiGo,836.0,836.0,100.0
MUMBAI-RAJAHMUNDRY,IndiGo,177.42857142857144,177.42857142857144,100.0
MUMBAI-RAJKOT,IndiGo,1252.0,2088.0,59.96
MUMBAI-RAJKOT,Air India,836.0,2088.0,40.04
MUMBAI-RANCHI,Air India Express,418.0,836.0,50.0
MUMBAI-RANCHI,IndiGo,418.0,836.0,50.0
MUMBAI-SHOLAPUR,Ghodawat Enterprises (Fly91),415.8571428571429,415.8571428571429,100.0
MUMBAI-SRINAGAR,IndiGo,385.1428571428572,1117.0,34.48
MUMBAI-SRINAGAR,Air India,380.57142857142856,1117.0,34.07
MUMBAI-SRINAGAR,Akasa Air,351.28571428571433,1117.0,31.45
MUMBAI-THIRUVANANTHAPURAM,Air India,830.2857142857143,1247.4285714285716,66.56
MUMBAI-THIRUVANANTHAPURAM,IndiGo,417.1428571428571,1247.4285714285716,33.44
MUMBAI-TIRUCHIRAPALLY,IndiGo,176.28571428571428,176.28571428571428,100.0
MUMBAI-UDAIPUR,Air India,1194.2857142857142,2268.285714285714,52.65
MUMBAI-UDAIPUR,IndiGo,1074.0,2268.285714285714,47.35
MUMBAI-VADODARA,IndiGo,834.5714285714286,1252.5714285714284,66.63
MUMBAI-VADODARA,Air India,418.0,1252.5714285714284,33.37
MUMBAI-VARANASI,IndiGo,836.0,2925.142857142857,28.58
MUMBAI-VARANASI,Akasa Air,835.1428571428571,2925.142857142857,28.55
MUMBAI-VARANASI,Air India,418.0,2925.142857142857,14.29
MUMBAI-VARANASI,Air India Express,418.0,2925.142857142857,14.29
MUMBAI-VARANASI,SpiceJet,418.0,2925.142857142857,14.29
MUMBAI-VIJAYAWADA,Air India,417.1428571428571,654.8571428571429,63.7
MUMBAI-VIJAYAWADA,IndiGo,237.7142857142857,654.8571428571429,36.3
MUMBAI-VISAKHAPATNAM,IndiGo,209.0,209.0,100.0
NAGPUR-NANDED,Ghodawat Enterprises (Fly91),298.57142857142856,298.57142857142856,100.0
NAGPUR-NAVI MUMBAI,IndiGo,267.2857142857143,267.2857142857143,100.0
NAGPUR-PUNE,IndiGo,1192.5714285714284,1192.5714285714284,100.0
NAVI MUMBAI-PATNA,IndiGo,418.0,418.0,100.0
NAVI MUMBAI-RAIPUR,IndiGo,418.0,418.0,100.0
NAVI MUMBAI-RAJKOT,IndiGo,836.0,836.0,100.0
NAVI MUMBAI-SRINAGAR,IndiGo,268.2857142857143,268.2857142857143,100.0
NAVI MUMBAI-THIRUVANANTHAPURAM,IndiGo,416.2857142857143,416.2857142857143,100.0
NAVI MUMBAI-TIRUPATI,IndiGo,418.0,418.0,100.0
NAVI MUMBAI-VADODARA,IndiGo,298.57142857142856,298.57142857142856,100.0
NAVI MUMBAI-VARANASI,Akasa Air,836.0,1254.0,66.67
NAVI MUMBAI-VARANASI,IndiGo,418.0,1254.0,33.33
NAVI MUMBAI-VISAKHAPATNAM,IndiGo,209.0,209.0,100.0
PASIGHAT-SHILLONG,Alliance Air,179.14285714285714,179.14285714285714,100.0
PATNA-PUNE,IndiGo,417.1428571428571,417.1428571428571,100.0
PATNA-RANCHI,IndiGo,418.0,418.0,100.0
PORT BLAIR-VISAKHAPATNAM,Air India Express,14.57142857142857,14.857142857142856,98.08
PORT BLAIR-VISAKHAPATNAM,Air India,0.2857142857142857,14.857142857142856,1.92
PUNE-RAIPUR,IndiGo,418.0,418.0,100.0
PUNE-RAJKOT,IndiGo,236.57142857142856,236.57142857142856,100.0
PUNE-RANCHI,IndiGo,418.0,418.0,100.0
PUNE-SHOLAPUR,Ghodawat Enterprises (Fly91),149.28571428571428,149.28571428571428,100.0
PUNE-SINDHUDURG,JustUdo Aviation (IndiaOne Air),416.2857142857143,416.2857142857143,100.0
PUNE-SURAT,IndiGo,237.7142857142857,237.7142857142857,100.0
PUNE-VADODARA,IndiGo,177.28571428571428,177.28571428571428,100.0
PUNE-VARANASI,IndiGo,416.2857142857143,803.5714285714286,51.8
PUNE-VARANASI,SpiceJet,387.2857142857143,803.5714285714286,48.2
RAJAHMUNDRY-TIRUPATI,Alliance Air,179.14285714285714,179.14285714285714,100.0
SHIVAMOGGA-TIRUPATI,Ghodawat Enterprises (Fly91),418.0,418.0,100.0
SHOLAPUR-TIRUPATI,Ghodawat Enterprises (Fly91),418.0,418.0,100.0
TIRUPATI-VIJAYAWADA,IndiGo,177.42857142857144,177.42857142857144,100.0
TIRUPATI-VISAKHAPATNAM,IndiGo,418.0,418.0,100.0
VIJAYAWADA-VISAKHAPATNAM,IndiGo,418.0,832.1428571428571,50.23
VIJAYAWADA-VISAKHAPATNAM,Air India Express,414.1428571428571,832.1428571428571,49.77
